{
  "V": {
    "CB": [
      0.0,
      91.09920980722606,
      91.55409012261914,
      91.94291832734677,
      92.26054538865529,
      92.47983084119775,
      92.64546247295985,
      92.77220241512607,
      92.90148660800145,
      93.0190636919489,
      93.12652632683475,
      93.21462428750004
    ],
    "CDM": [
      0.0,
      89.52988204335502,
      90.34645887746123,
      90.9813699934046,
      91.49314486279769,
      91.8817182390216,
      92.18851920536609,
      92.48517178369175,
      92.71241619321053,
      92.892570858431,
      93.04506627718396,
      93.14975629218743
    ],
    "CM": [
      0.0,
      90.56561021296253,
      91.06371812694053,
      91.601494512577,
      91.99841290542881,
      92.33873805284226,
      92.6428442147647,
      92.88676642034085,
      93.07421033662573,
      93.22453291937603,
      93.36091052073334,
      93.47601265729156
    ],
    "GK": [
      0.0,
      89.01683058908695,
      90.14257090716653,
      90.9030086030486,
      91.50787745377488,
      91.92384248063601,
      92.23297313779432,
      92.4778383938635,
      92.66204996551961,
      92.81875507094684,
      92.97886470578516,
      93.1034296875
    ],
    "LB": [
      0.0,
      86.78922310695849,
      88.0783727333916,
      89.11631655293984,
      89.88068910669787,
      90.48577325881175,
      90.97659791597798,
      91.33035289299283,
      91.63256257354665,
      91.91144397891011,
      92.15786468014124,
      92.39013341458335
    ],
    "LW": [
      0.0,
      88.87758284255918,
      90.31696183228766,
      91.12801164401317,
      91.59797934533415,
      91.94701338311057,
      92.2271901126698,
      92.486427262835,
      92.71540423287352,
      92.96043873906767,
      93.13970812883919,
      93.30024441979167
    ],
    "RB": [
      0.0,
      86.42567279332943,
      87.8889520847808,
      88.68029354956852,
      89.2982673913905,
      89.81703488646879,
      90.23551865226123,
      90.58892748651417,
      90.88763202226393,
      91.10676523211774,
      91.37008626972073,
      91.6144159639324
    ],
    "RW": [
      0.0,
      86.74989841583377,
      88.0869391403906,
      88.871003467413,
      89.45414480066242,
      89.87877059610827,
      90.24282641589409,
      90.55284584443444,
      90.82195203065157,
      91.06005521172665,
      91.26247797820679,
      91.43155245221354
    ],
    "ST": [
      0.0,
      89.3536922145705,
      90.51147860320005,
      91.30378600033978,
      91.81634451723971,
      92.23377817251412,
      92.58187614728584,
      92.88938435565979,
      93.15858500199357,
      93.37574984385037,
      93.58890999963916,
      93.76650431614536
    ]
  },
  "respin_gain": {
    "11": 1.7879507178809269,
    "10": 1.833616862198233,
    "9": 1.8086877321361439,
    "8": 1.8354481815319803,
    "7": 1.8879750947505243,
    "6": 1.9977764043037927,
    "5": 1.949806666275282,
    "4": 2.015709551148151,
    "3": 2.0169613602250704,
    "2": 1.8743120583339878,
    "1": 89.09820304999994
  }
}